,municipality,town_number,preliminary_live_birth_counts,preliminary_birth_rate,estimated_population,estimated_median_home_value,labor_force,unemployed,unemployment_rate,median_household_income,tfa_participants,snap_recipients,poverty_status,associate's_degree,bachelor's_degree_or_higher,high_school_diploma_ged_or_equivalent,less_than_high_school_diploma,some_college,percent_without_health_insurance,tfa_participants_rate,snap_recipients_rate,poverty_rate,est_population_above_25,higher_edu_perc,label,socioeconomic_status
0,Andover,1,21,6.5,3231,273300,1955,67,0.0342710997442455,101098,4.5,45,72,202,924,552,107,525,1.7,0.001392757660167131,0.013927576601671309,0.022284122562674095,2310,0.4,0,Middle
1,Ansonia,2,197,10.5,18721,211100,9293,526,0.0566017432476057,53540,155.5,1298,2720,1233,2605,5166,1583,2644,6.0,0.00830618022541531,0.0693339031034667,0.14529138400726457,13231,0.19688610082382285,1,Low
2,Ashford,3,41,9.6,4261,235400,2590,103,0.0397683397683398,68269,12.0,188,420,323,1056,843,232,737,4.8,0.002816240319173903,0.044121098333724476,0.0985684111710866,3191,0.3309307427138828,1,Low
3,Avon,4,138,7.5,18302,385100,9506,285,0.0299810645907848,132500,9.0,74,588,1056,8724,1301,314,1465,1.4,0.000491749535569883,0.0040432739591301494,0.03212763632389903,12860,0.6783825816485225,2,High
4,Barkhamsted,5,23,6.3,3624,258500,2329,93,0.0399313009875483,111071,4.0,29,84,276,1122,656,133,481,2.2,0.0011037527593818985,0.008002207505518763,0.023178807947019868,2668,0.4205397301349325,0,Middle
5,Beacon Falls,6,48,7.8,6182,253300,3536,133,0.0376131221719457,86842,18.0,113,211,455,1471,1264,269,723,5.5,0.0029116790682626984,0.018278874150760273,0.0341313490779683,4182,0.3517455762792922,0,Middle
6,Berlin,7,131,6.4,20432,284300,11872,414,0.0348719676549865,95996,50.0,331,772,1292,6154,4358,1322,2345,2.0,0.002447141738449491,0.01620007830853563,0.037783868441660144,15471,0.39777648503651997,0,Middle
7,Bethany,8,37,6.8,5479,352700,3126,104,0.0332693538067818,119653,3.5,53,171,337,1817,921,293,713,4.6,0.0006388027012228509,0.009673298047088885,0.031210074831173572,4081,0.4452340112717471,0,Middle
8,Bethel,9,195,9.9,19714,338800,10881,377,0.034647550776583,101473,30.5,570,561,950,6027,3196,776,2662,6.4,0.0015471238713604546,0.028913462513949478,0.028456934158466066,13611,0.4428036147233855,0,Middle
9,Bethlehem,10,21,6.1,3422,329600,1966,75,0.038148524923703,93750,3.0,80,211,156,1139,703,59,510,1.8,0.0008766803039158387,0.023378141437755698,0.061659848042080655,2567,0.44370860927152317,0,Middle
10,Bloomfield,11,176,8.3,21301,216800,11922,510,0.042778057372924,76952,133.0,1034,1336,1411,5845,4598,1616,2913,2.4,0.006243838317449885,0.04854232195671565,0.06272006009107553,16383,0.35677226393212474,0,Middle
11,Bolton,12,37,7.6,4890,287100,3189,89,0.0279084352461587,105417,5.0,106,230,267,1580,849,215,521,1.8,0.0010224948875255625,0.021676891615541923,0.04703476482617587,3432,0.4603729603729604,0,Middle
12,Bozrah,13,19,7.5,2537,229500,1450,56,0.0386206896551724,87109,8.5,79,99,172,560,737,102,302,2.9,0.0033504138746551044,0.031139140717382736,0.0390224674812771,1873,0.29898558462359853,0,Middle
13,Branford,14,213,7.6,28005,293900,16129,583,0.0361460722921446,80167,68.5,636,1703,1114,9615,6153,1087,3722,2.9,0.0024459917871808607,0.022710230316014997,0.06081056954115337,21691,0.4432714028859896,0,Middle
14,Bridgeport,15,1843,12.7,144900,173100,69676,4204,0.0603364142602905,45441,2055.0,13765,30316,5738,17191,31045,22072,17871,14.3,0.014182194616977225,0.09499654934437543,0.20922015182884748,93917,0.18304460321347574,1,Low
15,Bridgewater,16,6,3.7,1641,480300,836,27,0.0322966507177034,106429,1.5,18,42,76,772,252,53,202,1.6,0.0009140767824497258,0.010968921389396709,0.025594149908592323,1355,0.5697416974169742,0,Middle
16,Bristol,17,612,10.2,60032,195900,33221,1519,0.0457240901839198,66829,773.0,3815,6449,3979,11455,14672,4549,7939,4.5,0.012876465884861407,0.06354944029850747,0.10742603944562899,42594,0.2689345917265343,1,Low
17,Brookfield,18,156,9.2,17002,373800,9336,330,0.0353470437017995,107255,31.5,337,637,1159,5871,2205,622,1841,2.1,0.0018527232090342312,0.019821197506175742,0.0374661804493589,11698,0.5018806633612584,0,Middle
18,Brooklyn,19,84,10.1,8280,227800,4119,166,0.0403010439427045,72090,47.5,414,610,763,1496,1887,522,1529,2.7,0.005736714975845411,0.05,0.07367149758454106,6197,0.24140713248345974,1,Low
19,Burlington,20,66,6.8,9665,333200,5696,182,0.0319522471910112,126341,13.5,50,205,480,3270,1484,165,1220,1.2,0.001396792550439731,0.005173305742369374,0.021210553543714435,6619,0.4940323311678501,0,Middle
20,Canaan,21,7,6.6,1055,319800,651,19,0.0291858678955453,77847,4.5,29,63,124,405,215,29,181,6.6,0.0042654028436018955,0.027488151658767772,0.05971563981042654,954,0.42452830188679247,0,Middle
21,Canterbury,22,44,8.6,5100,221000,2912,115,0.0394917582417582,92835,14.0,204,166,507,787,1262,330,756,4.4,0.0027450980392156863,0.04,0.032549019607843135,3642,0.21609006040637013,0,Middle
22,Canton,23,78,7.6,10270,311800,5750,182,0.0316521739130435,89255,12.5,164,355,633,4225,1176,175,1382,2.8,0.0012171372930866603,0.01596884128529698,0.03456669912366115,7591,0.5565801607166381,0,Middle
23,Chaplin,24,23,10.2,2256,202000,1259,58,0.0460683081810961,68889,10.0,45,123,118,514,754,161,307,2.9,0.004432624113475178,0.0199468085106383,0.05452127659574468,1854,0.2772384034519957,1,Low
24,Cheshire,25,209,7.2,29179,332600,15766,469,0.0297475580362806,112945,33.0,442,560,1658,11311,3977,1151,2891,1.8,0.0011309503409986635,0.01514788032489119,0.019191884574522772,20988,0.538927005908138,0,Middle
25,Chester,26,19,4.5,4229,346800,2354,69,0.0293118096856415,92417,2.5,42,174,239,1332,834,126,679,1.8,0.0005911563017261764,0.009931425868999763,0.04114447860014188,3210,0.41495327102803736,0,Middle
26,Clinton,27,92,7.1,12950,287700,7286,247,0.0339006313477903,76360,24.5,357,993,951,3733,2413,619,1948,6.1,0.0018918918918918919,0.027567567567567567,0.07667953667953668,9664,0.3862789735099338,0,Middle
27,Colchester,28,133,8.3,15936,253300,9486,320,0.0337339236769977,103380,49.0,361,1080,1015,4403,2776,498,2309,0.9,0.0030747991967871487,0.022653112449799197,0.0677710843373494,11001,0.4002363421507136,0,Middle
28,Colebrook,29,7,5.0,1405,242700,832,40,0.0480769230769231,91786,6.5,14,63,132,313,335,51,256,2.0,0.004626334519572953,0.0099644128113879,0.044839857651245554,1087,0.28794848206071755,0,Middle
29,Columbia,30,32,5.9,5385,258400,3263,112,0.0343242414955562,106604,11.5,73,124,446,1806,1031,101,571,2.5,0.0021355617455896007,0.013556174558960075,0.023026926648096566,3955,0.45663716814159294,0,Middle
30,Cornwall,31,9,6.6,1368,425400,780,22,0.0282051282051282,82083,7.5,36,91,97,508,169,45,169,3.5,0.005482456140350877,0.02631578947368421,0.06652046783625731,988,0.5141700404858299,0,Middle
31,Coventry,32,105,8.5,12414,241600,7881,266,0.033752061921076,91461,40.0,147,454,822,3695,2333,213,1628,2.3,0.003222168519413565,0.011841469308844853,0.036571612695343966,8691,0.42515245656426187,0,Middle
32,Cromwell,33,109,7.8,13905,245600,8011,284,0.0354512545250281,91841,14.5,305,605,885,4864,2236,618,1724,2.8,0.0010427903631787126,0.02193455591513844,0.04350952894642215,10327,0.4709983538297666,0,Middle
33,Danbury,34,974,11.5,84730,296600,47230,1609,0.0340673300868092,71672,250.0,2838,9512,3539,18597,16595,9877,9033,16.6,0.0029505488020771862,0.03349463000118022,0.11226248082143278,57641,0.3226349299977447,1,Low
34,Darien,35,177,8.1,21753,1461100,8679,296,0.0341053116718516,210511,10.5,75,669,367,10675,873,345,872,1.0,0.0004826920424768997,0.0034478003034064267,0.030754378706385328,13132,0.8128997867803838,2,High
35,Deep River,36,28,6.3,4463,271200,2880,94,0.0326388888888889,71641,6.0,71,211,324,1318,985,118,471,8.2,0.0013443871835088505,0.0159085816715214,0.04727761595339458,3216,0.4098258706467662,0,Middle
36,Derby,37,140,11.2,12515,201500,6752,350,0.0518364928909953,56301,99.5,793,1624,1016,1963,2918,1366,1810,7.2,0.007950459448661606,0.06336396324410708,0.12976428286056732,9073,0.216356221756861,1,Low
37,Durham,38,56,7.8,7195,331300,4314,130,0.0301344459898007,117631,6.5,70,325,430,2560,1307,118,790,2.5,0.0009034051424600417,0.009728978457261988,0.045170257123002086,5205,0.4918347742555235,0,Middle
38,East Granby,40,55,10.7,5147,278500,3107,106,0.0341165111039588,100689,3.0,111,197,357,2089,754,101,490,3.9,0.0005828638041577618,0.021565960753837186,0.038274723139693025,3791,0.5510419414402532,0,Middle
39,East Haddam,41,83,9.2,8988,278700,5042,178,0.0353034510115034,91339,14.5,215,294,834,2283,1946,515,1266,4.0,0.0016132621272808188,0.02392078326657766,0.03271028037383177,6844,0.33357685563997663,0,Middle
40,East Hampton,42,97,7.5,12854,268100,7787,261,0.0335174007961988,100780,40.0,288,720,1036,3705,2436,486,1771,1.8,0.0031118717908822156,0.022405476894351954,0.05601369223587988,9434,0.39272842908628364,0,Middle
41,East Hartford,43,624,12.5,49998,162000,27400,1438,0.0524817518248175,55468,690.0,4076,7010,3264,6586,11798,5842,6638,6.5,0.013800552022080883,0.08152326093043721,0.14020560822432898,34128,0.19297937177684013,1,Low
42,East Haven,44,267,9.3,28699,212900,15813,699,0.044204135837602,65333,193.0,969,2672,1879,4887,8478,1858,3707,5.5,0.006724972995574759,0.03376424265653855,0.0931042893480609,20809,0.2348503051564227,1,Low
43,East Lyme,45,119,6.4,18645,313900,8700,336,0.0386206896551724,93416,25.5,376,1100,1200,6482,3314,847,2435,2.2,0.0013676588897827836,0.020166264414052025,0.058997050147492625,14278,0.45398515198207035,0,Middle
44,East Windsor,47,102,9.0,11375,214600,6603,288,0.0436165379373012,74974,51.5,427,779,1076,3033,2491,475,1541,5.6,0.004527472527472528,0.03753846153846154,0.06848351648351649,8616,0.35201949860724235,1,Low
45,Eastford,39,17,9.5,1790,254100,973,38,0.039054470709147,86667,0.5,43,49,155,442,389,60,278,6.3,0.00027932960893854746,0.024022346368715083,0.027374301675977653,1324,0.3338368580060423,0,Middle
46,Easton,46,49,6.5,7517,641900,3860,130,0.0336787564766839,142841,1.5,50,241,274,3389,777,225,799,2.5,0.00019954769189836372,0.006651589729945457,0.032060662498337104,5464,0.6202415812591509,2,High
47,Ellington,48,147,9.0,16299,266600,9514,338,0.0355265923901619,85572,37.0,385,573,757,5093,3149,486,1782,1.4,0.0022700779188907297,0.02362108104791705,0.035155531014172646,11267,0.4520280465074998,0,Middle
48,Enfield,49,366,8.2,44466,185700,23412,926,0.0395523663078763,76423,244.0,1635,3442,2960,8578,11223,2729,6425,3.3,0.005487338640759232,0.036769666711644854,0.07740745738316916,31915,0.2687764374118753,1,Low
49,Essex,50,36,5.4,6674,371300,3372,107,0.0317319098457889,87000,6.0,127,371,350,2799,981,218,789,2.9,0.0008990110878034162,0.019029068025172312,0.055588852262511236,5137,0.5448705470118747,0,Middle
50,Fairfield,51,481,7.8,61952,603100,29468,1068,0.0362427039500475,134559,37.0,523,2856,2172,25321,5545,1832,4255,3.8,0.0005972365702479338,0.008442019628099174,0.04610020661157025,39125,0.6471821086261981,2,High
51,Farmington,52,201,7.9,25506,330400,14312,453,0.0316517607602012,94606,37.5,511,1777,1283,10901,2930,832,2654,2.4,0.0014702422959303693,0.020034501685877833,0.0696698815964871,18600,0.5860752688172043,0,Middle
52,Franklin,53,14,7.2,1933,246100,1076,37,0.0343866171003717,94000,7.5,53,90,131,359,471,68,312,1.5,0.0038799793067770304,0.027418520434557683,0.04655975168132437,1341,0.2677106636838181,0,Middle
53,Glastonbury,54,270,7.8,34491,348600,19124,539,0.0281844802342606,116625,58.5,550,1324,1661,14972,3895,748,3317,2.6,0.0016960946333826215,0.015946188860862253,0.03838682554869386,24593,0.6087911194242264,0,Middle
54,Goshen,55,17,5.9,2879,346500,1661,49,0.0295003010234798,98967,5.0,10,205,267,859,470,86,441,2.4,0.0017367141368530739,0.0034734282737061478,0.07120527961097603,2123,0.40461610927932173,0,Middle
55,Granby,56,86,7.6,11375,296600,6880,199,0.0289244186046512,121114,4.5,111,365,752,4335,1341,226,1245,0.9,0.0003956043956043956,0.009758241758241758,0.03208791208791209,7899,0.5488036460311432,0,Middle
56,Greenwich,57,501,8.0,62727,1278000,28879,890,0.0308182416288653,142819,80.5,731,3952,2067,27840,6209,1986,4552,5.0,0.001283338913067738,0.011653673856553,0.0630031724775615,42654,0.6526937684625123,2,High
57,Griswold,58,104,9.0,11591,185000,6330,286,0.0451816745655608,62542,73.5,556,1198,764,1439,2459,984,2081,4.2,0.006341126736260892,0.047968251229402126,0.10335605210939522,7727,0.18623010223890255,1,Low
58,Groton,59,438,11.3,38692,237000,18474,642,0.0347515427086716,66999,234.5,1577,3620,2145,9123,7112,1476,5369,4.5,0.006060684379199835,0.04075777938591957,0.09355939212240257,25225,0.36166501486620417,1,Low
59,Guilford,60,137,6.2,22216,393700,12963,370,0.0285427755920697,110000,14.5,411,843,1131,9754,2486,647,2219,2.5,0.0006526827511703277,0.018500180050414115,0.03794562477493698,16237,0.6007267352343413,0,Middle
60,Haddam,61,59,7.2,8222,310400,5107,158,0.0309379283336597,108800,7.5,185,431,656,2833,1512,193,981,3.2,0.0009121868158598881,0.022500608124543908,0.052420335684748236,6175,0.45878542510121456,0,Middle
61,Hamden,62,540,8.9,60940,226400,35506,1349,0.0379935785501042,75392,403.5,1818,4593,2873,18069,10254,2371,6583,4.0,0.006621266819822776,0.029832622251394814,0.0753692156219232,40150,0.4500373599003736,0,Middle
62,Hampton,63,16,8.6,1853,226500,1039,40,0.0384985563041386,75288,11.0,46,68,138,405,565,69,267,2.9,0.0059363194819212085,0.0248246087425796,0.03669724770642202,1444,0.2804709141274238,0,Middle
63,Hartford,64,1704,13.9,122587,162800,53353,3734,0.0699866924071749,34338,4203.0,18495,35241,4860,12693,25344,19432,13130,9.8,0.03428585412808862,0.15087244161289534,0.28747746498405213,75459,0.1682105514252773,1,Low
64,Hartland,65,12,5.7,2120,266600,1154,40,0.0346620450606586,95259,1.0,26,46,204,432,491,83,253,1.6,0.0004716981132075472,0.012264150943396227,0.02169811320754717,1463,0.2952836637047163,0,Middle
65,Harwinton,66,31,5.7,5430,294400,3243,117,0.0360777058279371,108355,2.5,31,273,470,1459,1011,247,760,3.4,0.00046040515653775324,0.00570902394106814,0.05027624309392265,3947,0.3696478337978211,0,Middle
66,Hebron,67,65,6.9,9482,294900,5567,173,0.0310759834740435,110938,6.5,68,254,685,3325,1336,247,902,1.6,0.0006855093862054419,0.007171482809533854,0.026787597553258807,6495,0.5119322555812164,0,Middle
67,Kent,68,22,7.9,2785,367600,1517,44,0.029004614370468,65985,2.5,95,273,168,851,500,165,374,12.7,0.0008976660682226212,0.03411131059245961,0.09802513464991024,2058,0.413508260447036,1,Low
68,Killingly,69,151,8.7,17287,187000,9622,446,0.046352109748493,61709,156.5,1105,1623,1280,2636,4083,1746,2595,2.9,0.009053045641233297,0.06392086539017759,0.09388557875860473,12340,0.21361426256077795,1,Low
69,Killingworth,70,38,6.0,6370,365400,3819,102,0.0267085624509034,113068,3.5,72,229,589,2325,1044,81,557,2.9,0.0005494505494505495,0.01130298273155416,0.03594976452119309,4596,0.5058746736292428,0,Middle
70,Lebanon,71,60,8.3,7207,245600,4096,157,0.038330078125,95757,13.0,139,322,642,2098,1502,204,1034,3.4,0.001803801859303455,0.01928680449562925,0.04467878451505481,5480,0.38284671532846715,0,Middle
71,Ledyard,72,163,11.1,14736,231800,8020,268,0.0334164588528678,91268,50.0,448,647,974,4464,2544,213,2335,3.5,0.0033930510314875138,0.03040173724212812,0.043906080347448424,10530,0.4239316239316239,0,Middle
72,Lisbon,73,29,6.8,4248,224900,2360,95,0.0402542372881356,88553,11.5,49,87,381,612,1205,124,705,1.4,0.002707156308851224,0.011534839924670434,0.020480225988700564,3027,0.20218037661050545,0,Middle
73,Litchfield,74,42,5.2,8127,301300,4851,151,0.031127602556174,80570,18.5,165,603,543,2507,1878,288,1063,5.8,0.0022763627414790206,0.020302694721299374,0.07419712070874862,6279,0.3992673992673993,0,Middle
74,Lyme,75,13,5.6,2338,555000,1225,39,0.0318367346938776,96146,0.0,14,56,107,1152,276,86,256,2.1,0.0,0.005988023952095809,0.023952095808383235,1877,0.6137453383058071,0,Middle
75,Madison,76,116,6.4,18106,423300,9127,277,0.0303495124356305,104754,13.5,220,619,990,7900,1802,229,1650,1.2,0.0007456091903236496,0.012150668286755772,0.034187562134099195,12571,0.6284305146766367,0,Middle
76,Manchester,77,733,12.7,57699,184300,33188,1359,0.0409485356152826,70736,644.5,3410,5460,3891,16206,10172,3058,7659,3.8,0.011170037608970692,0.05909981108858039,0.09462902303332814,40986,0.3954033084467867,1,Low
77,Mansfield,78,76,2.9,25817,240000,12720,482,0.0378930817610063,56807,21.5,481,2935,413,3992,1351,327,1165,2.4,0.0008327845992950381,0.01863113452376341,0.11368478134562497,7248,0.5507726269315674,0,Middle
78,Marlborough,79,49,7.7,6358,314300,3628,117,0.0322491730981257,109750,11.5,120,170,418,2273,1122,123,685,1.2,0.0018087448883296635,0.01887385970430953,0.026737967914438502,4621,0.4918848734040251,0,Middle
79,Meriden,80,673,11.3,59540,172200,32135,1536,0.0477983507079508,57886,927.0,7495,6906,3476,9982,17342,5692,7943,3.6,0.01556936513268391,0.12588176016123614,0.11598925092374875,44435,0.22464273658152356,1,Low
80,Middlebury,81,47,6.1,7731,344800,3968,135,0.0340221774193548,108977,2.0,88,363,510,2974,964,261,827,2.7,0.0002586987453110852,0.011382744793687751,0.04695382227396197,5536,0.5372109826589595,0,Middle
81,Middlefield,82,21,4.8,4380,280400,2520,82,0.0325396825396825,93750,6.5,142,253,388,1185,1175,137,427,1.3,0.0014840182648401827,0.032420091324200914,0.05776255707762557,3312,0.35778985507246375,0,Middle
82,Middletown,83,443,9.6,46146,227000,26265,1047,0.0398629354654483,67651,357.0,2904,4845,2487,11852,8753,2412,5986,3.0,0.007736315173579508,0.06293069821869718,0.10499284878429332,31490,0.37637345188948873,1,Low
83,Milford,84,438,8.0,54661,307300,30459,1145,0.0375915164647559,89778,90.5,946,2845,3148,17353,10781,2017,7741,3.5,0.0016556594281114507,0.0173066720330766,0.05204807815444284,41040,0.42283138401559456,0,Middle
84,Monroe,85,173,8.9,19470,362400,10109,373,0.0368978138292611,115049,10.5,251,678,1382,6289,2895,773,1659,2.1,0.0005392912172573189,0.012891628145865435,0.034822804314329735,12998,0.48384366825665487,0,Middle
85,Montville,86,168,9.0,18716,195100,9392,389,0.0414182282793867,73765,66.5,607,1490,1242,2937,5337,1545,3257,4.7,0.003553109638811712,0.032432143620431717,0.07961102799743534,14318,0.2051264143036737,1,Low
86,Morris,87,13,5.7,2262,324900,1445,50,0.0346020761245675,94500,5.0,55,105,155,628,435,71,369,0.9,0.0022104332449160036,0.02431476569407604,0.046419098143236075,1658,0.37876960193003617,0,Middle
87,Naugatuck,88,288,9.2,31288,182300,17447,815,0.0467129019315642,70512,208.0,1232,2686,2038,6348,7555,1948,4548,6.4,0.006647916133981079,0.03937611863973409,0.08584760930708259,22437,0.2829255248027811,1,Low
88,New Britain,89,958,13.2,72453,159300,36815,2059,0.0559282900991444,45258,2387.0,9051,15439,3686,9351,17884,8956,7442,6.3,0.03294549570066112,0.12492236346321063,0.2130898651539619,47319,0.1976161795473277,1,Low
89,New Canaan,90,129,6.4,20213,1420000,8396,265,0.0315626488804193,192428,22.0,187,601,511,10362,822,288,1088,4.0,0.001088408450007421,0.009251471825063078,0.029733339929748182,13071,0.7927473031902685,2,High
90,New Fairfield,91,107,7.7,13877,352200,7131,240,0.0336558687421119,107089,16.5,140,550,686,4948,2246,280,1607,2.1,0.0011890177992361461,0.010088635872306694,0.039633926641204874,9767,0.5066038701750794,0,Middle
91,New Hartford,92,53,7.9,6685,295800,4010,135,0.0336658354114713,99926,8.5,135,198,390,2055,1172,226,897,1.6,0.0012715033657442034,0.02019446522064323,0.02961854899027674,4740,0.43354430379746833,0,Middle
92,New Haven,93,1676,12.9,130418,196600,64773,3281,0.0506538218084696,41142,3381.5,13101,31518,3534,28532,25319,11936,11337,9.0,0.02592816942446595,0.10045392507169255,0.24166909475685872,80658,0.3537404845148652,1,Low
93,New London,95,313,11.6,26939,181300,12101,665,0.0549541360218164,39675,523.0,3377,6759,1147,3919,5105,2795,3088,9.2,0.01941423215412599,0.1253572886892609,0.25090018189242363,16054,0.24411361654416344,1,Low
94,New Milford,96,233,8.6,26974,290700,15184,547,0.0360247629083245,87188,67.5,656,1223,1705,7864,5007,1162,3909,4.8,0.0025024097278861126,0.024319715281382073,0.045339956995625416,19647,0.4002646714511121,0,Middle
95,Newington,94,262,8.7,30112,232700,17449,629,0.0360479110550748,80310,66.5,947,1352,2003,8890,5766,1850,3727,3.0,0.002208421891604676,0.03144925611052072,0.0448990435706695,22236,0.39980212268393595,0,Middle
96,Newtown,97,217,7.8,27774,403800,14168,490,0.0345849802371542,123974,16.5,236,850,1021,10697,3480,685,3036,1.9,0.0005940807949881184,0.008497155613163391,0.030604162166054584,18919,0.565410433955283,0,Middle
97,Norfolk,98,4,2.4,1640,349300,918,33,0.0359477124183007,75547,2.5,51,63,94,532,339,91,139,3.1,0.001524390243902439,0.031097560975609756,0.03841463414634146,1195,0.44518828451882847,0,Middle
98,North Branford,99,122,8.6,14158,282300,8228,288,0.0350024307243559,86087,20.0,241,436,828,3597,3516,487,2047,1.3,0.0014126289023873428,0.01702217827376748,0.030795310072044075,10475,0.3433890214797136,0,Middle
99,North Canaan,100,28,8.6,3254,188900,1787,63,0.0352546166759933,68438,2.0,137,298,85,565,1135,284,448,4.7,0.0006146281499692685,0.0421020282728949,0.09157959434542103,2517,0.2244735796583234,1,Low
100,North Haven,101,182,7.7,23691,299500,13433,477,0.0355095659941934,99094,46.0,475,1029,1131,7411,5343,743,2739,1.9,0.001941665611413617,0.020049807943944956,0.043434215524882865,17367,0.4267288535728681,0,Middle
101,North Stonington,102,45,8.6,5243,283500,2956,102,0.0345060893098782,76985,5.5,75,164,315,1284,1193,211,779,9.3,0.001049017737936296,0.014304787335494945,0.03127980164028228,3782,0.33950290851401377,0,Middle
102,Norwalk,103,1127,12.7,89047,427300,50799,1873,0.0368708045433965,82474,341.5,2665,8504,4528,26389,13968,7897,10313,17.6,0.0038350533987669432,0.02992801554235404,0.09550012914528283,63095,0.4182423329899358,1,Low
103,Norwich,104,428,10.9,39136,162900,20328,913,0.0449134199134199,55391,581.0,3212,5515,2232,5778,10077,3765,5891,5.4,0.014845666394112837,0.08207277187244481,0.1409188470973017,27743,0.2082687524781026,1,Low
104,Old Lyme,105,52,7.1,7366,401000,3781,136,0.0359693202856387,92383,7.0,102,216,369,3023,1118,232,906,2.9,0.0009503122454520771,0.013847407005158838,0.02932392071680695,5648,0.5352337110481586,0,Middle
105,Old Saybrook,106,52,5.2,10087,381900,5109,173,0.0338618124877667,81411,6.5,225,430,771,3521,1877,395,1199,4.0,0.0006443937741647665,0.022305938336472687,0.04262912659859225,7763,0.45356176735798015,0,Middle
106,Orange,107,113,8.1,13949,389800,7348,237,0.0322536744692433,117215,14.0,87,474,712,5677,1852,348,1334,2.2,0.0010036561760699693,0.006237006237006237,0.03398093053265467,9923,0.5721052101179079,0,Middle
107,Oxford,108,86,6.5,13226,345400,7178,242,0.0337141264976317,106047,14.5,156,293,881,3531,2588,361,1824,2.4,0.0010963254196280055,0.011794949342204748,0.02215333434144866,9185,0.3844311377245509,0,Middle
108,Plainfield,109,165,10.9,15173,173700,8673,410,0.0472731465467543,67551,127.5,961,1366,914,1429,4461,1541,2530,3.6,0.00840308442628353,0.06333618928359586,0.09002833981414354,10875,0.13140229885057472,1,Low
109,Plainville,110,143,8.1,17623,212300,10569,430,0.0406850222348377,65553,60.5,611,1330,1261,3750,4355,1450,2501,5.5,0.0034330136753106737,0.034670600919253246,0.07546955682914373,13317,0.2815949538184276,1,Low
110,Plymouth,111,95,8.2,11645,196500,6680,307,0.0459580838323353,80750,62.5,367,600,951,2137,3159,670,1550,3.3,0.0053671103477887505,0.031515671962215545,0.051524259338772006,8467,0.2523916381244833,1,Low
111,Pomfret,112,36,8.6,4204,269600,2512,83,0.0330414012738854,78958,6.0,156,217,226,1252,736,131,448,2.9,0.0014272121788772598,0.037107516650808754,0.05161750713606089,2793,0.44826351593268887,0,Middle
112,Portland,113,84,9.0,9305,245800,5531,204,0.0368830229614898,91295,28.0,250,579,887,2444,2048,407,996,3.0,0.0030091348737238044,0.026867275658248254,0.06222461042450295,6782,0.3603656738425243,0,Middle
113,Preston,114,33,7.1,4638,246900,2433,96,0.0394574599260173,75568,9.0,97,340,321,792,1141,248,849,2.7,0.0019404915912031048,0.020914187149633463,0.07330746011211729,3351,0.23634735899731424,0,Middle
114,Prospect,115,68,6.9,9790,297000,5692,203,0.0356640899508082,100524,16.0,245,245,816,2390,2134,500,1187,3.8,0.001634320735444331,0.02502553626149132,0.02502553626149132,7027,0.3401166927565106,0,Middle
115,Putnam,116,88,9.4,9395,187800,4846,230,0.0474618241848948,59753,91.5,434,800,793,1719,2373,547,1582,5.1,0.009739222990952635,0.046194784459819054,0.08515167642362959,7014,0.24508126603934988,1,Low
116,Redding,117,52,5.7,9125,593000,4444,136,0.0306030603060306,128047,1.0,41,387,446,4147,884,96,891,8.2,0.00010958904109589041,0.004493150684931507,0.04241095890410959,6464,0.6415532178217822,2,High
117,Ridgefield,118,152,6.1,25008,655900,11862,375,0.0316135558927668,158518,10.0,151,464,807,12629,1328,355,1755,6.0,0.000399872040946897,0.006038067818298145,0.018554062699936022,16874,0.7484295365651298,2,High
118,Rocky Hill,119,197,9.8,20145,263000,11668,358,0.030682207747686,83100,31.0,674,887,1318,7656,3285,959,2153,3.2,0.001538843385455448,0.033457433606353934,0.04403077686770911,15371,0.49808080150933576,0,Middle
119,Roxbury,120,10,4.6,2160,629300,1354,41,0.0302806499261448,137656,1.0,18,73,83,990,253,26,224,1.3,0.000462962962962963,0.008333333333333333,0.033796296296296297,1576,0.6281725888324873,2,High
120,Salem,121,40,9.7,4123,274300,2144,79,0.0368470149253731,113000,10.0,43,111,280,1377,722,135,487,6.0,0.002425418384671356,0.01042929905408683,0.02692214406985205,3001,0.45884705098300566,0,Middle
121,Salisbury,122,21,5.8,3598,472800,1849,55,0.0297458085451595,83698,14.0,31,178,276,1729,382,114,348,4.3,0.0038910505836575876,0.008615897720956087,0.049471928849360754,2849,0.6068796068796068,0,Middle
122,Scotland,123,5,3.0,1685,234700,967,39,0.0403309203722854,89000,3.5,36,58,102,330,407,89,270,3.2,0.0020771513353115725,0.021364985163204748,0.034421364985163204,1198,0.27545909849749584,0,Middle
123,Seymour,124,150,9.1,16509,246600,9001,385,0.0427730252194201,70941,55.0,509,682,849,3239,4079,642,2474,3.0,0.003331516142710037,0.030831667575261977,0.04131080016960446,11283,0.2870690419214748,1,Low
124,Sharon,125,9,3.3,2703,389600,1517,43,0.028345418589321,78403,6.5,38,348,261,989,637,121,288,3.9,0.0024047354790972995,0.014058453570107288,0.12874583795782463,2296,0.4307491289198606,0,Middle
125,Shelton,126,317,7.7,41097,345200,22194,919,0.0414075876362981,94446,75.0,902,1791,2506,12109,8239,1932,5288,3.2,0.0018249507263303892,0.021948074068666813,0.04357982334476969,30074,0.4026401542860943,0,Middle
126,Sherman,127,19,5.3,3614,457100,1867,57,0.0305302624531334,113506,2.5,0,29,262,1330,584,33,391,4.1,0.000691754288876591,0.0,0.008024349750968456,2600,0.5115384615384615,0,Middle
127,Simsbury,128,230,9.2,24979,329500,13745,389,0.0283012004365224,119588,21.0,267,1001,999,11384,2121,598,2144,2.2,0.0008407061932022899,0.0106889787421434,0.04007366187597582,17246,0.6600950945146701,0,Middle
128,Somers,129,64,5.9,10834,317100,5174,182,0.0351758793969849,105164,14.0,114,205,731,2941,2539,811,1412,2.8,0.0012922281705741185,0.01052242938896068,0.01892191249769245,8434,0.34870761204647854,0,Middle
129,South Windsor,132,247,9.5,26054,282200,14352,491,0.034211259754738,107088,30.5,489,1241,1680,8656,4045,606,2981,1.7,0.0011706455822522454,0.01876871113840485,0.04763184155983726,17968,0.4817453250222618,0,Middle
130,Southbury,130,97,4.9,19656,326400,8709,344,0.0394993684693995,94176,10.0,279,1197,1328,7562,3023,884,1821,2.1,0.0005087505087505087,0.014194139194139194,0.060897435897435896,14618,0.5173074291968806,0,Middle
131,Southington,131,383,8.7,43807,275700,24788,878,0.0354203646925932,92220,127.5,1074,1699,3072,12152,8854,1991,5495,2.5,0.0029104937567055495,0.024516629762366744,0.038783756020727284,31564,0.3849955645672285,0,Middle
132,Sprague,133,26,9.0,2889,219400,1621,72,0.0444170265268353,65688,22.5,189,360,193,417,910,152,431,2.3,0.00778816199376947,0.06542056074766354,0.12461059190031153,2103,0.19828815977175462,1,Low
133,Stafford,134,97,8.2,11884,197000,6953,290,0.0417086149863368,72806,50.0,420,786,966,1863,2927,674,1684,5.3,0.004207337596768765,0.035341635812857625,0.06613934702120498,8114,0.22960315504067044,1,Low
134,Stamford,135,1698,13.1,129775,526700,70883,2609,0.0368071328809447,89309,654.5,4390,11884,4773,45390,18575,9894,12677,10.7,0.005043344249662878,0.03382777884800616,0.0915738778655365,91309,0.49710324283476987,1,Low
135,Sterling,136,34,9.0,3780,198500,2024,101,0.049901185770751,77985,13.5,142,152,289,486,1045,245,558,5.8,0.0035714285714285713,0.03756613756613757,0.04021164021164021,2623,0.18528402592451393,1,Low
136,Stonington,137,100,5.4,18449,316200,9844,328,0.033319788703779,79250,64.5,570,1572,1184,6551,3297,767,2134,2.7,0.0034961244511897663,0.030895983522142123,0.08520787034527616,13933,0.4701787124093878,0,Middle
137,Stratford,138,507,9.8,51967,255600,27350,1280,0.046800731261426,75845,183.0,1358,4504,3665,12502,11710,3187,6668,3.9,0.0035214655454423,0.026131968364539033,0.08667038697635038,37732,0.33133679635322805,1,Low
138,Suffield,139,94,6.0,15743,296600,7646,261,0.0341354956840178,111573,21.5,186,331,941,4830,2789,989,1831,2.5,0.0013656863367846027,0.011814774820555167,0.021025217557009465,11380,0.4244288224956063,0,Middle
139,Thomaston,140,51,6.7,7560,205000,4771,182,0.0381471389645777,67862,24.5,295,577,487,1442,2034,384,1094,3.4,0.0032407407407407406,0.03902116402116402,0.07632275132275132,5441,0.26502481161551183,0,Middle
140,Thompson,141,75,8.0,9395,203900,5260,209,0.0397338403041825,80941,32.0,343,405,613,1899,1970,770,1581,1.4,0.0034060670569451834,0.036508781266631186,0.04310803618946248,6833,0.27791599590223914,0,Middle
141,Tolland,142,109,7.4,14655,298100,8643,262,0.0303135485363878,115718,15.5,42,360,881,4770,2235,197,1957,0.5,0.0010576595018764927,0.0028659160696008186,0.02456499488229273,10040,0.4750996015936255,0,Middle
142,Torrington,143,334,9.8,34228,155700,19174,901,0.0469907165953896,63576,220.0,1939,3326,2509,5817,9418,3075,4839,6.2,0.006427486268552063,0.05664952670328386,0.09717190604183709,25658,0.2267129160495752,1,Low
143,Trumbull,144,321,9.0,35802,396900,17990,675,0.037520844913841,118707,26.0,581,655,1545,13334,4703,1043,4042,2.3,0.0007262164124909223,0.01622814367912407,0.01829506731467516,24667,0.5405602626991527,0,Middle
144,Union,145,4,4.8,840,278900,464,12,0.0258620689655172,90714,0.0,5,17,78,239,207,27,124,2.6,0.0,0.005952380952380952,0.02023809523809524,675,0.3540740740740741,0,Middle
145,Vernon,146,323,11.0,29303,203800,17470,693,0.0396680022896394,62566,254.0,1696,2608,1712,7791,6771,1535,3564,5.5,0.008668054465413098,0.057878032965907926,0.08900112616455653,21373,0.36452533570392553,1,Low
146,Voluntown,147,11,4.3,2535,227900,1484,54,0.0363881401617251,75673,6.5,89,178,218,360,732,113,437,3.7,0.002564102564102564,0.035108481262327414,0.07021696252465483,1860,0.1935483870967742,0,Middle
147,Wallingford,148,390,8.8,44535,270000,26341,927,0.035192285790213,79420,102.5,1923,1925,3419,12445,10843,2548,4924,3.0,0.0023015605703379364,0.04317952172448636,0.043224430223419784,34179,0.36411246671933056,0,Middle
148,Warren,149,9,6.4,1399,377900,805,25,0.031055900621118,107813,1.0,12,48,60,542,270,32,190,2.2,0.0007147962830593281,0.008577555396711936,0.034310221586847746,1094,0.4954296160877514,0,Middle
149,Washington,150,9,2.6,3434,421300,2084,50,0.0239923224568138,97604,1.0,10,203,147,1422,490,70,547,3.3,0.00029120559114735004,0.0029120559114735,0.059114735002912054,2676,0.531390134529148,0,Middle
150,Waterbury,151,1531,14.2,108093,128800,50973,3350,0.0657210680164008,41617,2711.5,12890,24580,4983,11090,26374,14065,13759,9.0,0.025084880612065538,0.11924916507081865,0.2273967786998233,70271,0.15781759189423802,1,Low
151,Waterford,152,147,7.8,18887,253600,10167,364,0.0358021048490213,85438,29.0,564,1136,1322,5615,3992,685,2455,2.4,0.0015354476624133,0.029861809710382804,0.060147191189707204,14069,0.3991044139597697,0,Middle
152,Watertown,153,174,8.0,21641,244600,13063,482,0.0368981091632856,76920,50.5,652,1150,1897,5341,4501,1343,2670,3.5,0.002333533570537406,0.030127997781987895,0.05313987338847558,15752,0.33906805485017777,0,Middle
153,West Hartford,155,599,9.5,62939,329000,34790,1070,0.030755964357574,99280,208.5,1859,4600,2509,27810,5830,2405,5206,2.4,0.0033127313748232416,0.02953653537552233,0.07308663944454154,43760,0.6355118829981719,0,Middle
154,West Haven,156,556,10.1,54879,194400,30195,1433,0.047458188441795,58112,523.0,3426,6661,2216,8904,13827,4704,6619,6.8,0.009530057034566957,0.06242825124364511,0.12137611836950382,36270,0.2454921422663358,1,Low
155,Westbrook,154,30,4.3,6914,365800,3685,133,0.0360922659430122,89489,4.0,104,449,401,2573,1451,475,737,3.5,0.0005785363031530228,0.015041943881978595,0.06494070002892681,5637,0.4564484654958311,0,Middle
156,Weston,157,54,5.3,10247,878400,4378,158,0.0360895386021014,219083,2.0,2,279,174,5420,470,105,503,2.8,0.00019517907680296673,0.00019517907680296673,0.027227481214013857,6672,0.8123501199040767,2,High
157,Westport,158,151,5.4,28115,1167500,12710,393,0.0309205350118017,187988,12.0,260,1312,524,14349,1708,322,1501,2.6,0.0004268184243286502,0.009247732527120755,0.04666548105993242,18404,0.7796674635948707,2,High
158,Wethersfield,159,295,11.3,26082,249300,14136,510,0.0360780984719864,83391,45.5,1028,1264,1381,8173,4931,1277,3303,2.4,0.0017444981213097155,0.03941415535618434,0.048462541216164404,19065,0.42869131917125625,0,Middle
159,Willington,160,34,5.8,5887,223700,3706,130,0.0350782514840799,74940,11.5,122,772,255,1435,1110,275,761,7.1,0.0019534567691523695,0.020723628333616444,0.13113640224222864,3836,0.3740875912408759,0,Middle
160,Wilton,161,133,7.2,18397,798700,8473,266,0.0313938392541013,187903,4.5,127,519,525,9112,944,265,1056,2.8,0.0002446050986573898,0.006903299450997445,0.028211121378485624,11902,0.7655856158628802,2,High
161,Winchester,162,78,7.3,10655,164100,6131,274,0.0446909150220192,68651,54.5,816,1866,852,1890,3075,844,1264,4.5,0.005114969497888315,0.07658376349131862,0.17512904739558893,7925,0.2384858044164038,1,Low
162,Windham,163,227,9.2,24706,155900,12441,657,0.0528092597058114,44091,479.5,2549,5287,852,2836,4748,2561,3024,6.3,0.01940824091313851,0.10317331822229418,0.2139966000161904,14021,0.20226802653163112,1,Low
163,Windsor,164,288,10.0,28760,220300,16727,685,0.0409517546481736,88986,179.5,909,1507,1618,8390,4973,1551,4024,2.9,0.006241307371349096,0.031606397774687066,0.05239916550764951,20556,0.4081533372251411,0,Middle
164,Windsor Locks,165,130,10.1,12876,191300,7507,327,0.0435593446116957,66846,44.0,368,896,866,2180,3556,748,1725,3.2,0.003417210313762038,0.02858030444237341,0.06958682820751787,9075,0.24022038567493112,1,Low
165,Wolcott,166,121,7.3,16649,249600,10001,368,0.0367963203679632,86786,14.0,289,918,1113,3315,4155,862,2259,2.8,0.000840891344825515,0.017358399903898133,0.05513844675355877,11704,0.2832365003417635,0,Middle
166,Woodbridge,167,60,6.8,8805,471400,4859,149,0.0306647458324758,142188,6.0,37,381,361,4224,783,353,710,1.5,0.0006814310051107325,0.004202157864849517,0.043270868824531517,6431,0.656818535220028,2,High
167,Woodbury,168,57,6.0,9537,353500,5577,190,0.0340684956069571,78025,11.0,161,486,549,3392,1473,317,1504,1.9,0.0011534025374855825,0.016881618957743524,0.050959421201635734,7235,0.46883206634416036,0,Middle
168,Woodstock,169,57,7.3,7862,256800,4190,171,0.0408114558472554,89531,5.5,83,347,628,2267,1182,188,1371,1.6,0.0006995675400661409,0.010557110150089036,0.0441363520732638,5636,0.40223562810503904,0,Middle
